Date,Latitude,Longitude,temperature_2m_max,sunshine_duration,rain_sum,wind_speed_10m_max,shortwave_radiation_sum,DOY
2024-02-10 00:00:00+10:00,-20.984182357788086,145.0405731201172,33.8405,43727.363,0.0,4.0,27.36,40
2024-02-11 00:00:00+10:00,-20.984182357788086,145.0405731201172,34.0405,43665.832,0.0,4.7169905,25.83,41
2024-02-12 00:00:00+10:00,-20.984182357788086,145.0405731201172,35.0405,43603.656,0.0,6.293648,27.93,42
2024-02-13 00:00:00+10:00,-20.984182357788086,145.0405731201172,35.2905,43540.89,0.0,5.10392,27.29,43
2024-02-14 00:00:00+10:00,-20.984182357788086,145.0405731201172,36.1405,41310.227,0.2,5.283938,25.69,44
2024-02-15 00:00:00+10:00,-20.984182357788086,145.0405731201172,30.7405,22349.002,25.199999,4.588028,13.34,45
2024-02-16 00:00:00+10:00,-20.984182357788086,145.0405731201172,26.4905,0.0,14.400001,6.9462223,7.61,46
2024-02-17 00:00:00+10:00,-20.984182357788086,145.0405731201172,26.2405,0.0,11.0,5.3600373,5.61,47
2024-02-18 00:00:00+10:00,-20.984182357788086,145.0405731201172,30.4905,31224.732,0.3,4.88467,19.04,48
2024-02-19 00:00:00+10:00,-20.984182357788086,145.0405731201172,31.440498,42690.645,0.1,3.544009,25.91,49
2024-02-20 00:00:00+10:00,-20.984182357788086,145.0405731201172,32.2905,43090.227,0.0,4.3266616,26.64,50
2024-02-21 00:00:00+10:00,-20.984182357788086,145.0405731201172,31.440498,36879.395,1.0,4.8270073,19.0,51
2024-02-22 00:00:00+10:00,-20.984182357788086,145.0405731201172,25.9905,9249.616,12.0,5.060632,9.35,52
2024-02-23 00:00:00+10:00,-20.984182357788086,145.0405731201172,30.1405,10800.0,9.9,5.0447993,12.71,53
2024-02-24 00:00:00+10:00,-20.984182357788086,145.0405731201172,26.190498,15126.855,5.8999996,6.207254,11.23,54
2024-02-25 00:00:00+10:00,-20.984182357788086,145.0405731201172,29.290499,37606.824,0.0,5.1429563,18.66,55
2024-02-26 00:00:00+10:00,-20.984182357788086,145.0405731201172,33.2905,39887.03,0.0,5.2924476,24.36,56
2024-02-27 00:00:00+10:00,-20.984182357788086,145.0405731201172,31.940498,37713.86,1.3000001,5.8600345,20.71,57
2024-02-28 00:00:00+10:00,-20.984182357788086,145.0405731201172,29.3905,16381.007,1.6000001,6.7230945,14.34,58
2024-02-29 00:00:00+10:00,-20.984182357788086,145.0405731201172,31.7405,40233.17,0.0,5.234501,22.99,59
2024-03-01 00:00:00+10:00,-20.984182357788086,145.0405731201172,31.8405,40991.86,0.0,5.315073,28.23,60
2024-03-02 00:00:00+10:00,-20.984182357788086,145.0405731201172,32.9405,41193.992,0.0,4.750789,25.77,61
2024-03-03 00:00:00+10:00,-20.984182357788086,145.0405731201172,33.5405,40624.07,0.1,5.2009616,24.82,62
2024-03-04 00:00:00+10:00,-20.984182357788086,145.0405731201172,34.0905,40256.004,13.3,4.816638,24.35,63
2024-03-05 00:00:00+10:00,-20.984182357788086,145.0405731201172,33.8905,40539.184,0.5,7.738863,26.13,64
2024-03-06 00:00:00+10:00,-20.984182357788086,145.0405731201172,31.9905,36402.98,0.1,6.363961,19.35,65
2024-03-07 00:00:00+10:00,-20.984182357788086,145.0405731201172,33.240498,40243.965,0.8,8.238932,22.83,66
2024-03-08 00:00:00+10:00,-20.984182357788086,145.0405731201172,32.1405,34105.125,0.0,6.8447056,22.83,67
2024-03-09 00:00:00+10:00,-20.984182357788086,145.0405731201172,30.940498,35236.582,0.2,8.009994,18.06,68
2024-03-10 00:00:00+10:00,-20.984182357788086,145.0405731201172,30.3905,32116.262,0.1,8.0025,16.21,69
2024-03-11 00:00:00+10:00,-20.984182357788086,145.0405731201172,32.5905,40405.258,0.0,7.595393,22.64,70
2024-03-12 00:00:00+10:00,-20.984182357788086,145.0405731201172,31.4905,40721.816,0.0,6.609841,22.17,71
2024-03-13 00:00:00+10:00,-20.984182357788086,145.0405731201172,34.490498,40123.973,0.0,5.1,25.96,72
2024-03-14 00:00:00+10:00,-20.984182357788086,145.0405731201172,34.8405,40324.594,0.0,4.0,24.86,73
2024-03-15 00:00:00+10:00,-20.984182357788086,145.0405731201172,35.5405,40104.707,0.0,4.368066,21.19,74
2024-03-16 00:00:00+10:00,-20.984182357788086,145.0405731201172,34.3905,36740.348,0.2,6.670832,24.69,75
2024-03-17 00:00:00+10:00,-20.984182357788086,145.0405731201172,32.3905,39956.69,0.0,6.063827,21.5,76
2024-03-18 00:00:00+10:00,-20.984182357788086,145.0405731201172,28.690498,0.0,1.1,6.618912,6.06,77
2024-03-19 00:00:00+10:00,-20.984182357788086,145.0405731201172,31.690498,19648.848,2.0,7.3430243,13.05,78
2024-03-20 00:00:00+10:00,-20.984182357788086,145.0405731201172,35.4405,32650.26,0.6,5.9615436,20.76,79
2024-03-21 00:00:00+10:00,-20.984182357788086,145.0405731201172,34.1405,35384.406,0.0,6.905071,22.45,80
2024-03-22 00:00:00+10:00,-20.984182357788086,145.0405731201172,31.1405,26787.996,0.7,7.218033,14.27,81
2024-03-23 00:00:00+10:00,-20.984182357788086,145.0405731201172,34.3905,39734.34,0.0,7.106335,21.69,82
2024-03-24 00:00:00+10:00,-20.984182357788086,145.0405731201172,32.7905,30897.576,12.099999,6.3655324,16.53,83
2024-03-25 00:00:00+10:00,-20.984182357788086,145.0405731201172,29.690498,7409.7354,73.99999,5.517246,9.19,84
2024-03-26 00:00:00+10:00,-20.984182357788086,145.0405731201172,30.190498,24373.398,9.8,3.613862,15.47,85
2024-03-27 00:00:00+10:00,-20.984182357788086,145.0405731201172,32.0405,39265.63,0.2,4.031129,19.93,86
2024-03-28 00:00:00+10:00,-20.984182357788086,145.0405731201172,31.690498,29475.076,11.4,6.0,17.57,87
2024-03-29 00:00:00+10:00,-20.984182357788086,145.0405731201172,28.9905,35323.96,0.6,7.209022,15.08,88
2024-03-30 00:00:00+10:00,-20.984182357788086,145.0405731201172,29.2405,39612.246,0.0,7.4330344,22.55,89
2024-03-31 00:00:00+10:00,-20.984182357788086,145.0405731201172,29.3405,39684.49,0.0,6.3788714,21.46,90
2024-04-01 00:00:00+10:00,-20.984182357788086,145.0405731201172,30.4905,39571.758,0.0,4.527693,22.68,91
2024-04-02 00:00:00+10:00,-20.984182357788086,145.0405731201172,31.2405,39577.797,0.0,4.4553337,21.45,92
2024-04-03 00:00:00+10:00,-20.984182357788086,145.0405731201172,31.3405,39467.945,0.0,5.4708314,22.0,93
2024-04-04 00:00:00+10:00,-20.984182357788086,145.0405731201172,30.940498,39415.59,0.0,4.7201695,20.57,94
2024-04-05 00:00:00+10:00,-20.984182357788086,145.0405731201172,30.2405,39309.082,0.5,3.5902646,18.15,95
2024-04-06 00:00:00+10:00,-20.984182357788086,145.0405731201172,30.440498,36147.785,0.5,5.223983,17.87,96
2024-04-07 00:00:00+10:00,-20.984182357788086,145.0405731201172,31.190498,39205.953,0.0,4.2201896,21.37,97
2024-04-08 00:00:00+10:00,-20.984182357788086,145.0405731201172,31.6405,39203.945,0.0,2.7658634,23.39,98
2024-04-09 00:00:00+10:00,-20.984182357788086,145.0405731201172,30.4905,39150.805,0.0,5.3037724,23.5,99
2024-04-10 00:00:00+10:00,-20.984182357788086,145.0405731201172,29.6405,39097.7,0.0,4.62277,23.78,100
2024-04-11 00:00:00+10:00,-20.984182357788086,145.0405731201172,27.9905,39044.684,0.0,4.204759,24.03,101
2024-04-12 00:00:00+10:00,-20.984182357788086,145.0405731201172,28.690498,38991.85,0.0,4.7265205,23.67,102
2024-04-13 00:00:00+10:00,-20.984182357788086,145.0405731201172,29.1405,38897.137,0.0,6.306346,18.09,103
2024-04-14 00:00:00+10:00,-20.984182357788086,145.0405731201172,30.040499,38846.453,0.0,6.0827627,22.68,104
2024-04-15 00:00:00+10:00,-20.984182357788086,145.0405731201172,30.2405,32655.982,0.0,5.7584724,19.23,105
2024-04-16 00:00:00+10:00,-20.984182357788086,145.0405731201172,28.790499,18114.996,0.3,6.462198,11.56,106
2024-04-17 00:00:00+10:00,-20.984182357788086,145.0405731201172,30.3405,26547.459,4.2,6.1,15.28,107
2024-04-18 00:00:00+10:00,-20.984182357788086,145.0405731201172,30.9905,35532.477,0.0,5.27731,15.61,108
2024-04-19 00:00:00+10:00,-20.984182357788086,145.0405731201172,30.690498,36362.26,1.6,4.2426405,18.64,109
2024-04-20 00:00:00+10:00,-20.984182357788086,145.0405731201172,31.4905,34921.406,0.0,5.622277,18.93,110
2024-04-21 00:00:00+10:00,-20.984182357788086,145.0405731201172,26.5905,38475.766,0.0,6.5115285,22.16,111
2024-04-22 00:00:00+10:00,-20.984182357788086,145.0405731201172,26.3405,37749.3,0.0,7.7833157,17.28,112
2024-04-23 00:00:00+10:00,-20.984182357788086,145.0405731201172,27.8405,25024.963,0.0,7.3164196,14.88,113
2024-04-24 00:00:00+10:00,-20.984182357788086,145.0405731201172,30.0905,33062.246,0.0,4.925444,19.35,114
2024-04-25 00:00:00+10:00,-20.984182357788086,145.0405731201172,29.5905,38300.312,0.0,4.1231055,18.59,115
2024-04-26 00:00:00+10:00,-20.984182357788086,145.0405731201172,28.540499,38257.633,0.0,4.3011627,19.18,116
2024-04-27 00:00:00+10:00,-20.984182357788086,145.0405731201172,28.8905,38215.5,0.0,5.830952,20.97,117
2024-04-28 00:00:00+10:00,-20.984182357788086,145.0405731201172,27.290499,22053.457,0.0,7.368175,11.28,118
2024-04-29 00:00:00+10:00,-20.984182357788086,145.0405731201172,29.540499,38133.047,0.0,5.5,19.94,119
2024-04-30 00:00:00+10:00,-20.984182357788086,145.0405731201172,29.8905,36580.28,0.0,5.4129477,19.74,120
2024-05-01 00:00:00+10:00,-20.984182357788086,145.0405731201172,28.1405,34453.3,2.3000002,6.3505907,13.95,121
2024-05-02 00:00:00+10:00,-20.984182357788086,145.0405731201172,28.7405,38014.56,0.1,6.7007456,19.72,122
2024-05-03 00:00:00+10:00,-20.984182357788086,145.0405731201172,29.5905,37957.816,0.0,5.557877,19.08,123
2024-05-04 00:00:00+10:00,-20.984182357788086,145.0405731201172,28.6405,37895.33,0.0,4.6173587,19.17,124
2024-05-05 00:00:00+10:00,-20.984182357788086,145.0405731201172,29.440498,37008.895,0.0,4.0261645,18.41,125
2024-05-06 00:00:00+10:00,-20.984182357788086,145.0405731201172,29.4905,37772.695,0.0,4.964876,19.18,126
2024-05-07 00:00:00+10:00,-20.984182357788086,145.0405731201172,28.190498,34173.066,0.1,7.025667,13.44,127
2024-05-08 00:00:00+10:00,-20.984182357788086,145.0405731201172,29.190498,30967.475,0.0,6.551336,16.43,128
2024-05-09 00:00:00+10:00,-20.984182357788086,145.0405731201172,27.290499,27502.105,0.0,7.151223,10.25,129
2024-05-10 00:00:00+10:00,-20.984182357788086,145.0405731201172,25.790499,8744.275,0.0,5.3851647,8.08,130
2024-05-11 00:00:00+10:00,-20.984182357788086,145.0405731201172,28.7405,34493.0,0.0,4.2201896,15.18,131
2024-05-12 00:00:00+10:00,-20.984182357788086,145.0405731201172,30.3905,36475.1,0.0,3.6359317,17.79,132
2024-05-13 00:00:00+10:00,-20.984182357788086,145.0405731201172,29.690498,37225.152,0.0,3.901282,17.69,133
2024-05-14 00:00:00+10:00,-20.984182357788086,145.0405731201172,29.290499,37321.67,0.0,5.7,18.75,134
2024-05-15 00:00:00+10:00,-20.984182357788086,145.0405731201172,28.9905,34101.145,0.0,5.4424257,15.75,135
2024-05-16 00:00:00+10:00,-20.984182357788086,145.0405731201172,27.540499,33243.703,0.70000005,5.772348,13.29,136
2024-05-17 00:00:00+10:00,-20.984182357788086,145.0405731201172,28.540499,37088.664,0.0,4.7759814,18.05,137
2024-05-18 00:00:00+10:00,-20.984182357788086,145.0405731201172,27.7405,37117.477,0.0,4.88467,18.47,138
2024-05-19 00:00:00+10:00,-20.984182357788086,145.0405731201172,24.8905,37068.62,0.0,4.8414874,19.27,139
2024-05-20 00:00:00+10:00,-20.984182357788086,145.0405731201172,24.7405,36147.223,0.0,4.7801676,17.97,140
2024-05-21 00:00:00+10:00,-20.984182357788086,145.0405731201172,25.1405,36973.92,0.0,4.6173587,17.7,141
2024-05-22 00:00:00+10:00,-20.984182357788086,145.0405731201172,26.3905,36928.184,0.0,4.428318,18.68,142
2024-05-23 00:00:00+10:00,-20.984182357788086,145.0405731201172,26.1405,36883.594,0.0,5.2038445,18.42,143
2024-05-24 00:00:00+10:00,-20.984182357788086,145.0405731201172,25.1405,17740.703,0.5,7.368175,9.64,144
2024-05-25 00:00:00+10:00,-20.984182357788086,145.0405731201172,27.2405,36615.188,0.0,5.096077,16.46,145
2024-05-26 00:00:00+10:00,-20.984182357788086,145.0405731201172,27.2405,36282.055,0.0,5.4129477,16.5,146
2024-05-27 00:00:00+10:00,-20.984182357788086,145.0405731201172,26.8905,35852.527,0.0,6.0133185,17.35,147
2024-05-28 00:00:00+10:00,-20.984182357788086,145.0405731201172,27.3905,36125.426,0.0,6.258594,16.24,148
2024-05-29 00:00:00+10:00,-20.984182357788086,145.0405731201172,25.9905,30764.717,0.1,7.2498274,11.32,149
2024-05-30 00:00:00+10:00,-20.984182357788086,145.0405731201172,25.0905,30932.424,0.0,7.632169,11.57,150
2024-05-31 00:00:00+10:00,-20.984182357788086,145.0405731201172,29.3905,35651.984,0.0,7.324616,16.15,151
2024-06-01 00:00:00+10:00,-20.984182357788086,145.0405731201172,22.4905,920.752,5.7,4.830114,3.66,152
2024-06-02 00:00:00+10:00,-20.984182357788086,145.0405731201172,22.1405,36513.598,0.0,4.119466,17.99,153
2024-06-03 00:00:00+10:00,-20.984182357788086,145.0405731201172,23.3905,36484.977,0.0,3.436568,17.95,154
2024-06-04 00:00:00+10:00,-20.984182357788086,145.0405731201172,29.3405,36338.527,0.0,5.661272,16.86,155
2024-06-05 00:00:00+10:00,-20.984182357788086,145.0405731201172,22.040499,36314.582,0.0,4.560702,17.53,156
2024-06-06 00:00:00+10:00,-20.984182357788086,145.0405731201172,20.2405,36407.33,0.0,3.7161808,17.65,157
2024-06-07 00:00:00+10:00,-20.984182357788086,145.0405731201172,21.3405,36384.266,0.0,3.436568,17.84,158
2024-06-08 00:00:00+10:00,-20.984182357788086,145.0405731201172,22.3905,36362.664,0.0,3.0232434,17.75,159
2024-06-09 00:00:00+10:00,-20.984182357788086,145.0405731201172,23.7405,36342.535,0.0,3.3301651,17.68,160
2024-06-10 00:00:00+10:00,-20.984182357788086,145.0405731201172,26.3405,36323.91,0.0,3.1241,17.42,161
2024-06-11 00:00:00+10:00,-20.984182357788086,145.0405731201172,27.4905,36306.81,0.0,3.3376637,17.32,162
2024-06-12 00:00:00+10:00,-20.984182357788086,145.0405731201172,29.040499,36291.254,0.0,3.214032,17.34,163
2024-06-13 00:00:00+10:00,-20.984182357788086,145.0405731201172,26.5905,36277.273,0.0,3.733631,17.46,164
2024-06-14 00:00:00+10:00,-20.984182357788086,145.0405731201172,27.690498,36264.887,0.0,4.1773195,17.46,165
2024-06-15 00:00:00+10:00,-20.984182357788086,145.0405731201172,27.3405,36254.11,0.0,4.159327,17.25,166
2024-06-16 00:00:00+10:00,-20.984182357788086,145.0405731201172,24.6405,36244.977,0.0,3.4669871,17.35,167
2024-06-17 00:00:00+10:00,-20.984182357788086,145.0405731201172,23.5905,36237.492,0.0,3.7215588,17.28,168
2024-06-18 00:00:00+10:00,-20.984182357788086,145.0405731201172,24.290499,36231.688,0.0,2.86007,17.35,169
2024-06-19 00:00:00+10:00,-20.984182357788086,145.0405731201172,27.4905,36227.574,0.0,3.748333,17.03,170
2024-06-20 00:00:00+10:00,-20.984182357788086,145.0405731201172,28.790499,36225.18,0.0,3.6359317,16.92,171
2024-06-21 00:00:00+10:00,-20.984182357788086,145.0405731201172,25.7405,31391.625,0.0,5.375872,12.62,172
2024-06-22 00:00:00+10:00,-20.984182357788086,145.0405731201172,24.5905,36225.98,0.0,3.4176016,16.68,173
2024-06-23 00:00:00+10:00,-20.984182357788086,145.0405731201172,25.0905,36229.152,0.0,3.748333,17.14,174
2024-06-24 00:00:00+10:00,-20.984182357788086,145.0405731201172,27.290499,34779.953,0.0,5.5731497,16.5,175
2024-06-25 00:00:00+10:00,-20.984182357788086,145.0405731201172,26.7405,34343.53,0.0,5.7628117,13.49,176
2024-06-26 00:00:00+10:00,-20.984182357788086,145.0405731201172,20.7405,8325.679,24.999998,5.508176,5.56,177
2024-06-27 00:00:00+10:00,-20.984182357788086,145.0405731201172,23.3405,16649.617,8.800001,4.3324356,8.14,178
2024-06-28 00:00:00+10:00,-20.984182357788086,145.0405731201172,24.690498,19886.504,0.3,4.6400433,9.28,179
2024-06-29 00:00:00+10:00,-20.984182357788086,145.0405731201172,26.940498,33468.434,0.1,6.529931,13.11,180
2024-06-30 00:00:00+10:00,-20.984182357788086,145.0405731201172,26.940498,33962.695,0.0,5.8523498,15.88,181
2024-07-01 00:00:00+10:00,-20.984182357788086,145.0405731201172,28.190498,35698.22,0.0,4.5,15.8,182
2024-07-02 00:00:00+10:00,-20.984182357788086,145.0405731201172,22.1405,21255.785,0.1,5.3,9.87,183
2024-07-03 00:00:00+10:00,-20.984182357788086,145.0405731201172,23.6405,22913.324,0.0,3.765634,11.27,184
2024-07-04 00:00:00+10:00,-20.984182357788086,145.0405731201172,23.0905,29487.742,0.0,5.500909,12.79,185
2024-07-05 00:00:00+10:00,-20.984182357788086,145.0405731201172,21.3905,17897.695,0.0,8.464632,9.06,186
2024-07-06 00:00:00+10:00,-20.984182357788086,145.0405731201172,21.7405,30440.305,0.0,9.211407,11.38,187
2024-07-07 00:00:00+10:00,-20.984182357788086,145.0405731201172,23.040499,28558.537,0.0,8.598255,12.7,188
2024-07-08 00:00:00+10:00,-20.984182357788086,145.0405731201172,23.8405,25840.28,0.1,5.860034,11.01,189
2024-07-09 00:00:00+10:00,-20.984182357788086,145.0405731201172,26.540499,36497.95,0.0,4.1617303,16.78,190
2024-07-10 00:00:00+10:00,-20.984182357788086,145.0405731201172,25.8405,36527.027,0.2,2.7658634,15.6,191
2024-07-11 00:00:00+10:00,-20.984182357788086,145.0405731201172,26.3905,36557.41,0.0,4.6400433,17.18,192
2024-07-12 00:00:00+10:00,-20.984182357788086,145.0405731201172,27.6405,36589.5,0.0,3.753665,16.39,193
2024-07-13 00:00:00+10:00,-20.984182357788086,145.0405731201172,23.3905,36623.242,0.0,5.3366656,17.57,194
2024-07-14 00:00:00+10:00,-20.984182357788086,145.0405731201172,21.3905,36658.56,0.0,3.354102,18.0,195
2024-07-15 00:00:00+10:00,-20.984182357788086,145.0405731201172,21.2405,36695.402,0.0,3.4409301,18.14,196
2024-07-16 00:00:00+10:00,-20.984182357788086,145.0405731201172,19.440498,36733.707,0.0,4.675468,18.44,197
2024-07-17 00:00:00+10:00,-20.984182357788086,145.0405731201172,17.8905,36773.4,0.0,4.967897,18.77,198
2024-07-18 00:00:00+10:00,-20.984182357788086,145.0405731201172,17.790499,36814.45,0.0,5.508176,18.78,199
2024-07-19 00:00:00+10:00,-20.984182357788086,145.0405731201172,21.8905,36856.785,0.0,3.7054014,18.92,200
2024-07-20 00:00:00+10:00,-20.984182357788086,145.0405731201172,25.040499,36900.33,0.0,3.6619666,19.22,201
2024-07-21 00:00:00+10:00,-20.984182357788086,145.0405731201172,23.4905,36945.047,0.0,4.172529,18.78,202
2024-07-22 00:00:00+10:00,-20.984182357788086,145.0405731201172,22.8905,36990.875,0.0,5.400926,19.02,203
2024-07-23 00:00:00+10:00,-20.984182357788086,145.0405731201172,23.6405,37037.76,0.0,6.2641835,18.96,204
2024-07-24 00:00:00+10:00,-20.984182357788086,145.0405731201172,24.9905,37085.64,0.0,7.6609397,17.86,205
2024-07-25 00:00:00+10:00,-20.984182357788086,145.0405731201172,25.690498,37134.46,0.0,6.6068144,16.86,206
2024-07-26 00:00:00+10:00,-20.984182357788086,145.0405731201172,25.9905,29345.588,0.0,6.811754,14.94,207
2024-07-27 00:00:00+10:00,-20.984182357788086,145.0405731201172,26.7405,29821.158,0.0,4.701064,13.92,208
2024-07-28 00:00:00+10:00,-20.984182357788086,145.0405731201172,22.790499,11913.191,0.3,6.139218,9.22,209
2024-07-29 00:00:00+10:00,-20.984182357788086,145.0405731201172,23.3405,37338.055,0.0,5.021952,19.62,210
2024-07-30 00:00:00+10:00,-20.984182357788086,145.0405731201172,22.5905,37390.76,0.0,5.4744864,19.85,211
2024-07-31 00:00:00+10:00,-20.984182357788086,145.0405731201172,22.3905,37444.117,0.0,6.4629717,19.67,212
2024-08-01 00:00:00+10:00,-20.984182357788086,145.0405731201172,24.1405,37498.457,0.0,5.8694124,19.21,213
2024-08-02 00:00:00+10:00,-20.984182357788086,145.0405731201172,24.0905,37553.977,0.0,5.2478566,16.48,214
2024-08-03 00:00:00+10:00,-20.984182357788086,145.0405731201172,23.9905,37610.605,0.0,6.2968245,20.01,215
2024-08-04 00:00:00+10:00,-20.984182357788086,145.0405731201172,23.1405,34179.94,0.0,7.543209,14.85,216
2024-08-05 00:00:00+10:00,-20.984182357788086,145.0405731201172,27.0905,36946.914,0.0,5.872819,17.42,217
2024-08-06 00:00:00+10:00,-20.984182357788086,145.0405731201172,27.790499,37786.504,0.0,4.4654226,17.69,218
2024-08-07 00:00:00+10:00,-20.984182357788086,145.0405731201172,27.5905,37846.91,0.90000004,3.1144822,18.71,219
2024-08-08 00:00:00+10:00,-20.984182357788086,145.0405731201172,26.3905,33449.57,0.0,5.491812,17.12,220
2024-08-09 00:00:00+10:00,-20.984182357788086,145.0405731201172,26.4905,37970.027,0.0,5.7035074,19.48,221
2024-08-10 00:00:00+10:00,-20.984182357788086,145.0405731201172,24.940498,22307.625,0.0,5.7035074,14.19,222
2024-08-11 00:00:00+10:00,-20.984182357788086,145.0405731201172,23.190498,28595.191,2.7,5.842089,11.82,223
2024-08-12 00:00:00+10:00,-20.984182357788086,145.0405731201172,23.8405,32500.006,0.2,6.1,13.64,224
2024-08-13 00:00:00+10:00,-20.984182357788086,145.0405731201172,25.3405,31579.105,0.0,3.0594118,19.32,225
2024-08-14 00:00:00+10:00,-20.984182357788086,145.0405731201172,28.2405,38288.375,0.0,3.2449963,20.1,226
2024-08-15 00:00:00+10:00,-20.984182357788086,145.0405731201172,29.7405,38353.383,0.0,3.3421547,20.64,227
2024-08-16 00:00:00+10:00,-20.984182357788086,145.0405731201172,31.8405,38418.71,0.0,4.0447497,20.79,228
2024-08-17 00:00:00+10:00,-20.984182357788086,145.0405731201172,30.9905,38484.305,0.0,3.622154,21.06,229
2024-08-18 00:00:00+10:00,-20.984182357788086,145.0405731201172,29.8405,38550.105,0.0,3.420526,21.7,230
2024-08-19 00:00:00+10:00,-20.984182357788086,145.0405731201172,30.940498,38616.07,0.0,6.594695,21.44,231
2024-08-20 00:00:00+10:00,-20.984182357788086,145.0405731201172,31.8405,33628.344,0.0,6.9310894,19.08,232
2024-08-21 00:00:00+10:00,-20.984182357788086,145.0405731201172,30.0905,37820.902,0.0,5.2630787,21.26,233
2024-08-22 00:00:00+10:00,-20.984182357788086,145.0405731201172,29.9905,38777.934,0.0,6.207254,21.97,234
2024-08-23 00:00:00+10:00,-20.984182357788086,145.0405731201172,30.5905,38796.406,0.0,6.2201285,22.15,235
2024-08-24 00:00:00+10:00,-20.984182357788086,145.0405731201172,30.540499,38814.555,0.0,6.3134775,22.13,236
2024-08-25 00:00:00+10:00,-20.984182357788086,145.0405731201172,30.940498,38832.39,0.0,5.7489133,22.12,237
2024-08-26 00:00:00+10:00,-20.984182357788086,145.0405731201172,30.8905,38849.934,0.0,5.5542774,22.12,238
2024-08-27 00:00:00+10:00,-20.984182357788086,145.0405731201172,30.2405,38867.207,0.0,5.5731497,21.6,239
2024-08-28 00:00:00+10:00,-20.984182357788086,145.0405731201172,30.1405,38884.223,0.0,4.360046,22.47,240
2024-08-29 00:00:00+10:00,-20.984182357788086,145.0405731201172,32.5905,38901.01,0.0,5.323533,22.74,241
2024-08-30 00:00:00+10:00,-20.984182357788086,145.0405731201172,34.1905,38949.453,0.0,4.327817,23.28,242
2024-08-31 00:00:00+10:00,-20.984182357788086,145.0405731201172,35.0905,39010.94,0.0,4.9578223,23.64,243
2024-09-01 00:00:00+10:00,-20.984182357788086,145.0405731201172,34.5905,39028.125,0.0,4.6690474,23.46,244
2024-09-02 00:00:00+10:00,-20.984182357788086,145.0405731201172,34.3905,39099.156,0.0,5.0,23.35,245
2024-09-03 00:00:00+10:00,-20.984182357788086,145.0405731201172,32.0405,39117.598,0.0,7.300685,22.96,246
2024-09-04 00:00:00+10:00,-20.984182357788086,145.0405731201172,28.690498,39197.355,0.0,7.48131,23.22,247
2024-09-05 00:00:00+10:00,-20.984182357788086,145.0405731201172,28.7405,39282.887,0.0,6.9570107,23.44,248
2024-09-06 00:00:00+10:00,-20.984182357788086,145.0405731201172,28.440498,36027.543,0.0,7.694154,20.44,249
2024-09-07 00:00:00+10:00,-20.984182357788086,145.0405731201172,28.9905,39397.477,0.0,5.3758717,23.34,250
2024-09-08 00:00:00+10:00,-20.984182357788086,145.0405731201172,29.540499,39495.523,0.0,4.219004,23.92,251
2024-09-09 00:00:00+10:00,-20.984182357788086,145.0405731201172,31.5905,39598.28,0.0,4.3081317,24.02,252
2024-09-10 00:00:00+10:00,-20.984182357788086,145.0405731201172,31.5905,39542.03,0.0,5.314132,23.98,253
2024-09-11 00:00:00+10:00,-20.984182357788086,145.0405731201172,31.3405,39732.12,0.0,6.0207973,23.76,254
2024-09-12 00:00:00+10:00,-20.984182357788086,145.0405731201172,32.6905,39931.9,0.0,5.390733,24.43,255
2024-09-13 00:00:00+10:00,-20.984182357788086,145.0405731201172,31.4905,39961.113,0.0,5.5785303,20.72,256
2024-09-14 00:00:00+10:00,-20.984182357788086,145.0405731201172,29.3905,40266.484,0.0,6.61211,24.99,257
2024-09-15 00:00:00+10:00,-20.984182357788086,145.0405731201172,29.2405,40300.348,0.0,6.293648,25.02,258
2024-09-16 00:00:00+10:00,-20.984182357788086,145.0405731201172,28.4905,40430.184,0.0,6.926038,24.37,259
2024-09-17 00:00:00+10:00,-20.984182357788086,145.0405731201172,27.4905,31195.479,0.0,7.202777,15.6,260
2024-09-18 00:00:00+10:00,-20.984182357788086,145.0405731201172,27.3905,28097.387,0.1,5.9093146,15.3,261
2024-09-19 00:00:00+10:00,-20.984182357788086,145.0405731201172,32.7405,40734.234,0.0,5.920304,22.0,262
2024-09-20 00:00:00+10:00,-20.984182357788086,145.0405731201172,33.0905,35003.215,0.0,5.1107726,18.28,263
2024-09-21 00:00:00+10:00,-20.984182357788086,145.0405731201172,32.1905,40946.55,0.0,5.656854,26.2,264
2024-09-22 00:00:00+10:00,-20.984182357788086,145.0405731201172,32.4405,39831.41,0.0,5.189412,25.37,265
2024-09-23 00:00:00+10:00,-20.984182357788086,145.0405731201172,32.5905,41091.312,0.0,6.242595,26.22,266
2024-09-24 00:00:00+10:00,-20.984182357788086,145.0405731201172,31.690498,41163.414,0.0,7.247068,25.34,267
2024-09-25 00:00:00+10:00,-20.984182357788086,145.0405731201172,33.2905,41235.273,0.0,6.4041,25.19,268
2024-09-26 00:00:00+10:00,-20.984182357788086,145.0405731201172,35.740498,41296.0,0.0,7.9556584,23.53,269
2024-09-27 00:00:00+10:00,-20.984182357788086,145.0405731201172,32.0405,41378.094,0.0,4.596194,24.84,270
2024-09-28 00:00:00+10:00,-20.984182357788086,145.0405731201172,33.4405,41448.957,0.0,3.8512983,27.21,271
2024-09-29 00:00:00+10:00,-20.984182357788086,145.0405731201172,35.5905,41519.39,0.0,3.8600519,27.64,272
2024-09-30 00:00:00+10:00,-20.984182357788086,145.0405731201172,35.990498,41589.473,0.0,4.2296567,26.54,273
2024-10-01 00:00:00+10:00,-20.984182357788086,145.0405731201172,36.5405,41659.742,0.0,7.151223,26.34,274
2024-10-02 00:00:00+10:00,-20.984182357788086,145.0405731201172,31.940498,41730.176,0.0,8.238477,21.31,275
2024-10-03 00:00:00+10:00,-20.984182357788086,145.0405731201172,31.8905,41800.71,0.0,7.0123105,26.32,276
2024-10-04 00:00:00+10:00,-20.984182357788086,145.0405731201172,31.940498,41871.305,0.0,6.820924,26.68,277
2024-10-05 00:00:00+10:00,-20.984182357788086,145.0405731201172,34.5905,41941.9,0.0,6.390031,26.56,278
2024-10-06 00:00:00+10:00,-20.984182357788086,145.0405731201172,36.740498,42012.445,0.0,6.3657284,23.17,279
2024-10-07 00:00:00+10:00,-20.984182357788086,145.0405731201172,37.1905,42051.35,0.0,5.9095263,26.0,280
2024-10-08 00:00:00+10:00,-20.984182357788086,145.0405731201172,37.8405,42153.223,0.0,5.3265843,25.59,281
2024-10-09 00:00:00+10:00,-20.984182357788086,145.0405731201172,37.5405,42223.348,0.0,5.0766625,27.72,282
2024-10-10 00:00:00+10:00,-20.984182357788086,145.0405731201172,36.1905,42293.23,0.0,5.66083,26.15,283
2024-10-11 00:00:00+10:00,-20.984182357788086,145.0405731201172,34.4405,39867.04,0.0,7.0092793,25.42,284
2024-10-12 00:00:00+10:00,-20.984182357788086,145.0405731201172,33.6905,42432.074,0.0,6.812122,26.81,285
2024-10-13 00:00:00+10:00,-20.984182357788086,145.0405731201172,31.440498,42482.152,0.0,8.409667,24.17,286
2024-10-14 00:00:00+10:00,-20.984182357788086,145.0405731201172,27.440498,39344.766,0.0,8.461973,18.4,287
2024-10-15 00:00:00+10:00,-20.984182357788086,145.0405731201172,32.3905,42578.445,0.0,5.894277,25.28,288
2024-10-16 00:00:00+10:00,-20.984182357788086,145.0405731201172,33.3405,42625.08,0.0,5.842303,27.5,289
2024-10-17 00:00:00+10:00,-20.984182357788086,145.0405731201172,35.1905,42670.594,0.0,5.900212,27.79,290
2024-10-18 00:00:00+10:00,-20.984182357788086,145.0405731201172,36.5905,42714.914,0.0,5.7872705,28.39,291
2024-10-19 00:00:00+10:00,-20.984182357788086,145.0405731201172,39.6405,40443.484,0.0,6.0,25.21,292
2024-10-20 00:00:00+10:00,-20.984182357788086,145.0405731201172,40.1405,42799.992,0.0,5.4856634,28.05,293
2024-10-21 00:00:00+10:00,-20.984182357788086,145.0405731201172,41.0905,42841.56,0.0,7.567364,27.71,294
2024-10-22 00:00:00+10:00,-20.984182357788086,145.0405731201172,38.6405,42882.59,0.0,7.3934097,26.74,295
2024-10-23 00:00:00+10:00,-20.984182357788086,145.0405731201172,39.8405,42923.04,0.0,7.020862,24.88,296
2024-10-24 00:00:00+10:00,-20.984182357788086,145.0405731201172,39.1905,42962.848,0.0,6.007704,24.15,297
2024-10-25 00:00:00+10:00,-20.984182357788086,145.0405731201172,37.2905,43001.957,0.0,3.968942,28.64,298
2024-10-26 00:00:00+10:00,-20.984182357788086,145.0405731201172,35.9405,43040.31,0.0,7.85573,28.46,299
2024-10-27 00:00:00+10:00,-20.984182357788086,145.0405731201172,35.6905,43077.85,0.0,8.271185,27.89,300
2024-10-28 00:00:00+10:00,-20.984182357788086,145.0405731201172,36.0405,43114.516,0.9,7.083784,26.4,301
2024-10-29 00:00:00+10:00,-20.984182357788086,145.0405731201172,35.1905,42200.47,0.0,6.232576,26.62,302
2024-10-30 00:00:00+10:00,-20.984182357788086,145.0405731201172,35.1905,43185.0,0.0,6.7500005,29.17,303
2024-10-31 00:00:00+10:00,-20.984182357788086,145.0405731201172,37.6905,43200.0,0.0,5.737813,25.77,304
2024-11-01 00:00:00+10:00,-20.984182357788086,145.0405731201172,37.7905,39968.418,0.0,4.648118,25.99,305
2024-11-02 00:00:00+10:00,-20.984182357788086,145.0405731201172,38.3405,43200.0,0.0,9.090792,28.37,306
2024-11-03 00:00:00+10:00,-20.984182357788086,145.0405731201172,35.6905,43200.0,0.0,7.6728415,27.02,307
2024-11-04 00:00:00+10:00,-20.984182357788086,145.0405731201172,37.7905,43200.0,0.0,7.224957,29.54,308
2024-11-05 00:00:00+10:00,-20.984182357788086,145.0405731201172,38.6905,43225.637,0.0,5.701096,29.22,309
2024-11-06 00:00:00+10:00,-20.984182357788086,145.0405731201172,39.2905,43223.457,0.0,6.153251,29.3,310
2024-11-07 00:00:00+10:00,-20.984182357788086,145.0405731201172,40.1905,43220.992,0.0,6.42748,29.44,311
2024-11-08 00:00:00+10:00,-20.984182357788086,145.0405731201172,42.490498,40096.844,0.0,6.0632086,27.59,312
2024-11-09 00:00:00+10:00,-20.984182357788086,145.0405731201172,42.1405,43215.15,0.0,6.2235436,26.81,313
2024-11-10 00:00:00+10:00,-20.984182357788086,145.0405731201172,39.3905,43211.74,0.0,7.110731,28.23,314
2024-11-11 00:00:00+10:00,-20.984182357788086,145.0405731201172,38.6405,43274.6,0.0,7.4330344,28.76,315
2024-11-12 00:00:00+10:00,-20.984182357788086,145.0405731201172,39.0905,43272.668,0.0,6.93866,28.36,316
2024-11-13 00:00:00+10:00,-20.984182357788086,145.0405731201172,41.1905,37536.426,0.0,6.262787,26.0,317
2024-11-14 00:00:00+10:00,-20.984182357788086,145.0405731201172,40.0905,42335.406,0.7,6.6843095,26.05,318
2024-11-15 00:00:00+10:00,-20.984182357788086,145.0405731201172,40.0905,38034.395,1.9,5.971809,23.0,319
2024-11-16 00:00:00+10:00,-20.984182357788086,145.0405731201172,35.2905,43338.645,0.4,7.340981,25.85,320
2024-11-17 00:00:00+10:00,-20.984182357788086,145.0405731201172,35.8905,43416.242,0.0,7.247068,26.39,321
2024-11-18 00:00:00+10:00,-20.984182357788086,145.0405731201172,35.990498,43200.0,0.0,6.296825,28.37,322
2024-11-19 00:00:00+10:00,-20.984182357788086,145.0405731201172,35.4405,35007.062,0.0,5.6731825,23.98,323
2024-11-20 00:00:00+10:00,-20.984182357788086,145.0405731201172,29.440498,12859.923,2.3,4.5524716,13.07,324
2024-11-21 00:00:00+10:00,-20.984182357788086,145.0405731201172,31.940498,34266.906,4.1,6.1351447,19.42,325
2024-11-22 00:00:00+10:00,-20.984182357788086,145.0405731201172,31.9905,30930.69,0.6,6.945862,20.41,326
2024-11-23 00:00:00+10:00,-20.984182357788086,145.0405731201172,33.8905,41318.934,0.0,6.4884515,26.4,327
2024-11-24 00:00:00+10:00,-20.984182357788086,145.0405731201172,35.5405,43594.977,0.0,6.477075,29.92,328
2024-11-25 00:00:00+10:00,-20.984182357788086,145.0405731201172,36.0905,40271.81,0.0,6.7861996,27.3,329
2024-11-26 00:00:00+10:00,-20.984182357788086,145.0405731201172,36.0905,43885.645,0.0,7.0556717,29.52,330
2024-11-27 00:00:00+10:00,-20.984182357788086,145.0405731201172,37.3405,43109.06,0.0,8.18917,29.44,331
2024-11-28 00:00:00+10:00,-20.984182357788086,145.0405731201172,36.9405,33664.887,0.0,5.942432,18.58,332
2024-11-29 00:00:00+10:00,-20.984182357788086,145.0405731201172,33.8405,17656.777,11.4,4.562072,15.06,333
2024-11-30 00:00:00+10:00,-20.984182357788086,145.0405731201172,33.990498,35976.617,1.8000002,4.632494,21.71,334
2024-12-01 00:00:00+10:00,-20.984182357788086,145.0405731201172,35.1405,41681.992,2.0,4.8324428,22.43,335
2024-12-02 00:00:00+10:00,-20.984182357788086,145.0405731201172,36.8905,43383.85,7.5,5.583234,27.47,336
2024-12-03 00:00:00+10:00,-20.984182357788086,145.0405731201172,33.2905,26826.633,13.999999,5.644688,15.7,337
2024-12-04 00:00:00+10:00,-20.984182357788086,145.0405731201172,31.9905,43200.0,1.2,5.284411,24.07,338
2024-12-05 00:00:00+10:00,-20.984182357788086,145.0405731201172,32.1405,36056.05,0.0,6.2853003,20.42,339
2024-12-06 00:00:00+10:00,-20.984182357788086,145.0405731201172,34.3405,42879.473,0.0,6.1061444,25.68,340
2024-12-07 00:00:00+10:00,-20.984182357788086,145.0405731201172,37.490498,44267.938,0.0,6.8593006,29.13,341
2024-12-08 00:00:00+10:00,-20.984182357788086,145.0405731201172,38.7905,44964.715,0.0,5.9985414,29.03,342
2024-12-09 00:00:00+10:00,-20.984182357788086,145.0405731201172,41.0905,44586.676,0.0,6.0829678,26.04,343
2024-12-10 00:00:00+10:00,-20.984182357788086,145.0405731201172,42.3905,43222.1,0.6,4.7801676,27.86,344
2024-12-11 00:00:00+10:00,-20.984182357788086,145.0405731201172,38.8905,33368.664,16.6,5.3640003,19.85,345
2024-12-12 00:00:00+10:00,-20.984182357788086,145.0405731201172,34.4405,44653.42,6.3,5.240229,26.58,346
2024-12-13 00:00:00+10:00,-20.984182357788086,145.0405731201172,34.490498,42067.145,0.2,3.9436657,27.01,347
2024-12-14 00:00:00+10:00,-20.984182357788086,145.0405731201172,36.1405,45184.668,0.0,3.5846896,28.43,348
2024-12-15 00:00:00+10:00,-20.984182357788086,145.0405731201172,37.2905,44672.926,0.0,4.208622,27.54,349
2024-12-16 00:00:00+10:00,-20.984182357788086,145.0405731201172,38.1405,45250.426,0.0,6.1540637,28.4,350
2024-12-17 00:00:00+10:00,-20.984182357788086,145.0405731201172,39.240498,45188.0,0.0,5.881539,27.69,351
2024-12-18 00:00:00+10:00,-20.984182357788086,145.0405731201172,35.1405,41596.25,1.1,5.3,22.81,352
2024-12-19 00:00:00+10:00,-20.984182357788086,145.0405731201172,32.4905,33302.96,6.1999993,4.8826222,20.91,353
2024-12-20 00:00:00+10:00,-20.984182357788086,145.0405731201172,24.9905,0.0,14.500001,6.6030297,7.97,354
2024-12-21 00:00:00+10:00,-20.984182357788086,145.0405731201172,26.9905,10609.369,2.0,5.503181,10.71,355
2024-12-22 00:00:00+10:00,-20.984182357788086,145.0405731201172,33.0405,45429.773,0.0,4.704253,30.74,356
2024-12-23 00:00:00+10:00,-20.984182357788086,145.0405731201172,36.5905,45453.8,0.0,3.4007351,29.75,357
2024-12-24 00:00:00+10:00,-20.984182357788086,145.0405731201172,39.8905,45450.047,0.0,4.186287,29.87,358
2024-12-25 00:00:00+10:00,-20.984182357788086,145.0405731201172,37.1905,45444.69,0.1,7.1641464,26.69,359
2024-12-26 00:00:00+10:00,-20.984182357788086,145.0405731201172,35.1405,45437.75,0.0,7.271348,25.82,360
2024-12-27 00:00:00+10:00,-20.984182357788086,145.0405731201172,37.0905,42631.36,0.3,5.886,23.47,361
2024-12-28 00:00:00+10:00,-20.984182357788086,145.0405731201172,39.4405,45419.17,0.3,4.944947,27.94,362
2024-12-29 00:00:00+10:00,-20.984182357788086,145.0405731201172,40.0405,44640.566,0.0,5.728001,29.37,363
2024-12-30 00:00:00+10:00,-20.984182357788086,145.0405731201172,40.8905,45394.453,0.2,8.18917,29.92,364
2024-12-31 00:00:00+10:00,-20.984182357788086,145.0405731201172,39.740498,44794.387,0.0,5.685068,28.13,365
2025-01-01 00:00:00+10:00,-20.984182357788086,145.0405731201172,38.740498,43781.465,0.1,9.116606,26.1,366
2025-01-02 00:00:00+10:00,-20.984182357788086,145.0405731201172,35.5905,45346.14,0.4,4.651075,29.04,1
2025-01-03 00:00:00+10:00,-20.984182357788086,145.0405731201172,34.4405,44735.793,0.0,5.0159745,27.41,2
2025-01-04 00:00:00+10:00,-20.984182357788086,145.0405731201172,34.240498,45306.645,0.0,5.0447993,29.03,3
2025-01-05 00:00:00+10:00,-20.984182357788086,145.0405731201172,32.9405,45284.773,2.7,5.3844686,27.45,4
2025-01-06 00:00:00+10:00,-20.984182357788086,145.0405731201172,34.5905,45261.5,0.1,5.1393094,27.66,5
2025-01-07 00:00:00+10:00,-20.984182357788086,145.0405731201172,36.1405,45236.902,0.0,4.7668123,31.15,6
2025-01-08 00:00:00+10:00,-20.984182357788086,145.0405731201172,37.1905,45211.1,0.0,5.150243,29.46,7
2025-01-09 00:00:00+10:00,-20.984182357788086,145.0405731201172,38.7905,45183.605,0.0,4.400284,28.85,8
2025-01-10 00:00:00+10:00,-20.984182357788086,145.0405731201172,38.7905,44496.727,0.4,7.079901,24.88,9
2025-01-11 00:00:00+10:00,-20.984182357788086,145.0405731201172,40.6905,45123.746,0.0,5.9548297,27.77,10
2025-01-12 00:00:00+10:00,-20.984182357788086,145.0405731201172,41.0905,39386.62,0.0,10.053482,26.29,11
2025-01-13 00:00:00+10:00,-20.984182357788086,145.0405731201172,38.6905,45035.84,0.90000004,3.4132097,28.65,12
2025-01-14 00:00:00+10:00,-20.984182357788086,145.0405731201172,38.990498,45022.652,6.9,5.2158413,27.31,13
2025-01-15 00:00:00+10:00,-20.984182357788086,145.0405731201172,40.2905,43180.62,13.099999,6.8682237,27.68,14
2025-01-16 00:00:00+10:00,-20.984182357788086,145.0405731201172,38.6905,35037.336,0.90000004,6.6309876,25.93,15
2025-01-17 00:00:00+10:00,-20.984182357788086,145.0405731201172,39.6405,44909.36,0.0,4.88083,31.1,16
2025-01-18 00:00:00+10:00,-20.984182357788086,145.0405731201172,38.4405,44869.15,0.0,4.0635576,31.58,17
2025-01-19 00:00:00+10:00,-20.984182357788086,145.0405731201172,37.0405,44827.816,0.2,5.797629,27.18,18
2025-01-20 00:00:00+10:00,-20.984182357788086,145.0405731201172,34.8905,41413.418,0.7,6.529931,22.84,19
2025-01-21 00:00:00+10:00,-20.984182357788086,145.0405731201172,36.2905,35412.77,12.099999,5.797629,24.43,20
2025-01-22 00:00:00+10:00,-20.984182357788086,145.0405731201172,38.4405,44697.58,0.0,4.4525275,28.0,21
2025-01-23 00:00:00+10:00,-20.984182357788086,145.0405731201172,40.1405,44652.28,0.0,5.2737556,27.79,22
2025-01-24 00:00:00+10:00,-20.984182357788086,145.0405731201172,37.9405,31259.242,0.9,5.638484,20.69,23
2025-01-25 00:00:00+10:00,-20.984182357788086,145.0405731201172,39.1905,43712.96,0.0,4.7034564,25.87,24
2025-01-26 00:00:00+10:00,-20.984182357788086,145.0405731201172,36.740498,44511.438,0.1,6.93866,26.18,25
2025-01-27 00:00:00+10:00,-20.984182357788086,145.0405731201172,35.9405,38366.098,0.0,6.7812243,27.62,26
2025-01-28 00:00:00+10:00,-20.984182357788086,145.0405731201172,35.8405,43672.746,0.2,6.149187,26.09,27
2025-01-29 00:00:00+10:00,-20.984182357788086,145.0405731201172,36.2905,44114.234,0.5,4.8386464,27.37,28
2025-01-30 00:00:00+10:00,-20.984182357788086,145.0405731201172,35.490498,42923.824,0.0,6.1727223,23.39,29
2025-01-31 00:00:00+10:00,-20.984182357788086,145.0405731201172,35.0405,41744.0,0.3,10.0221,25.16,30
2025-02-01 00:00:00+10:00,-20.984182357788086,145.0405731201172,29.3405,9851.694,20.8,10.05547,11.28,31
2025-02-02 00:00:00+10:00,-20.984182357788086,145.0405731201172,25.8905,1496.4758,40.7,9.019978,7.05,32
2025-02-03 00:00:00+10:00,-20.984182357788086,145.0405731201172,27.9905,29407.818,12.200001,9.945979,16.33,33
2025-02-04 00:00:00+10:00,-20.984182357788086,145.0405731201172,26.440498,1244.8677,25.100002,6.6462398,7.57,34
2025-02-05 00:00:00+10:00,-20.984182357788086,145.0405731201172,28.940498,208.84323,57.899998,5.6002235,8.9,35
2025-02-06 00:00:00+10:00,-20.984182357788086,145.0405731201172,29.7405,14161.656,42.899994,6.224147,12.83,36
2025-02-07 00:00:00+10:00,-20.984182357788086,145.0405731201172,28.690498,5248.668,41.600002,4.3061,7.86,37
2025-02-08 00:00:00+10:00,-20.984182357788086,145.0405731201172,24.940498,0.0,32.6,5.9348545,5.86,38
